month,AI,Markets,Crypto,Breakthroughs,Policy,Guides,newsletter_signups
2025-09,18400,12200,9800,7600,5400,4100,820
2025-10,19100,12500,10100,7800,5500,4000,840
2025-11,19800,12800,24800,8100,5600,3900,860
2025-12,20500,13100,11000,8300,5700,3800,890
2026-01,21200,13400,11400,8500,5800,3700,920
2026-02,31610,19865,16820,12615,8555,5220,950
2026-03,32480,20300,17255,12905,8700,4930,980
2026-04,33350,20735,17545,13195,8845,2175,1010
2026-05,34220,21170,17980,13485,8990,1595,1040
2026-06,35090,21605,18270,13775,9135,1160,1070
2026-07,35960,22040,18705,14065,9280,870,1100
2026-08,36830,22475,18995,14355,9425,725,1140
